-- Seed 002 · Malla 2026: cursos, prerrequisitos y equivalencias.
-- GENERADO por `npm run malla:seed` desde Convalidaciones.xlsx. No editar a mano.
-- Son datos institucionales públicos: permiten levantar la BD sin el Excel.

INSERT INTO course (code, name, credits, type, cycle_number) VALUES
    ('1101', 'Ciencias Matematicas', 6, 'OBL', 1),
    ('1102', 'Comunicación', 6, 'OBL', 1),
    ('1103', 'Calculo Diferencial', 4, 'OBL', 1),
    ('1104', 'Introducción a la Ingeniería de Sistemas', 3, 'OBL', 1),
    ('1105', 'Algoritmo y Fundamentos de Programación', 4, 'OBL', 1),
    ('1201', 'Estadística Descriptiva', 3, 'OBL', 2),
    ('1202', 'Ciencias Naturales y del Ambiente', 6, 'OBL', 2),
    ('1203', 'Idioma Inglés', 6, 'OBL', 2),
    ('1204', 'Calculo Integral', 4, 'OBL', 2),
    ('1205', 'Programación I', 4, 'OBL', 2),
    ('2101', 'Sistemas Dinamicos con Ecuaciones Diferenciales', 4, 'OBL', 3),
    ('2102', 'Mecánica de Particulas', 3, 'OBL', 3),
    ('2103', 'Ciencias Sociales y del Comportamiento Humano', 6, 'OBL', 3),
    ('2104', 'Teoría General de Sistemas', 3, 'OBL', 3),
    ('2105', 'Herramientas Graficas para TI', 3, 'OBL', 3),
    ('2106', 'Programación II', 4, 'OBL', 3),
    ('2201', 'Estadística Inferencial', 3, 'OBL', 4),
    ('2202', 'Campos Electromagneticos', 3, 'OBL', 4),
    ('2203', 'Filosofía', 6, 'OBL', 4),
    ('2204', 'Introducción a las Redes', 3, 'OBL', 4),
    ('2205', 'Sistemas Operativos', 4, 'OBL', 4),
    ('2206', 'Diseño de Base de Datos', 4, 'OBL', 4),
    ('3101', 'Métodos Numéricos', 4, 'OBL', 5),
    ('3102', 'Diseño de Redes de Comunicaciones', 4, 'OBL', 5),
    ('3103', 'Arquitectura de TI', 3, 'OBL', 5),
    ('3104', 'Administración de Servidores', 4, 'OBL', 5),
    ('3105', 'Desarrollo de Soluciones Web', 4, 'OBL', 5),
    ('3106', 'Análisis de Diseño de Sistemas', 4, 'OBL', 5),
    ('3201', 'Diseño de Procesos', 4, 'OBL', 6),
    ('3202', 'Simulación de Sistemas', 4, 'OBL', 6),
    ('3203', 'Internet de las Cosas', 4, 'OBL', 6),
    ('3204', 'Sistemas Inteligentes', 4, 'OBL', 6),
    ('3205', 'Metodología de Desarrollo de Software', 3, 'OBL', 6),
    ('3206', 'Administración de Base de Datos', 4, 'OBL', 6),
    ('4101', 'Costos y Presupuesto', 3, 'OBL', 7),
    ('4102', 'Prospectiva', 3, 'OBL', 7),
    ('4103', 'Ingeniería de Procesos', 4, 'OBL', 7),
    ('4104', 'Gestion de Servicios de TI', 4, 'OBL', 7),
    ('4105', 'Microprocesadores y Robotica', 4, 'OBL', 7),
    ('4106', 'Ciencia de Datos', 4, 'OBL', 7),
    ('4201', 'Metodología de la Investigacion Cientifica', 3, 'OBL', 8),
    ('4202', 'Planeamiento Estrategico', 3, 'OBL', 8),
    ('4203', 'Administración de Redes de Comunicaciones', 3, 'OBL', 8),
    ('4204', 'Seguridad Informatica', 4, 'OBL', 8),
    ('4205', 'Ingeniería de Software', 4, 'OBL', 8),
    ('4206', 'Inteligencia Artificial', 3, 'OBL', 8),
    ('4207', 'Virtualización de Servidores', 3, 'ELEC', 8),
    ('4208', 'Cloud Computing', 3, 'ELEC', 8),
    ('4209', 'Tópicos Avanzados', 3, 'ELEC', 8),
    ('4210', 'Teoría de Lenguaje de Compiladores', 3, 'ELEC', 8),
    ('5101', 'Investigación de Operaciones', 4, 'OBL', 9),
    ('5102', 'Formulación y Evaluación de Proyectos', 4, 'OBL', 9),
    ('5103', 'Gobierno y Gestion de Tecnologías de Investigación', 4, 'OBL', 9),
    ('5104', 'Derecho Informatico', 3, 'OBL', 9),
    ('5105', 'Ciberseguridad y Hacking Etico', 4, 'OBL', 9),
    ('5106', 'Emprendimiento e Innovación con TI', 3, 'ELEC', 9),
    ('5107', 'Marketing Digital', 3, 'ELEC', 9),
    ('5108', 'Big Data', 3, 'ELEC', 9),
    ('5109', 'Redes Inalambricas', 3, 'ELEC', 9),
    ('5201', 'Proyecto Inter y Transdiciplinario', 4, 'OBL', 10),
    ('5202', 'Trabajo de Investigación', 4, 'OBL', 10),
    ('5203', 'Gestión de Proyectos', 4, 'OBL', 10),
    ('5204', 'Ingeniería Empresarial', 4, 'OBL', 10),
    ('5205', 'Inteligencia de Negocios', 3, 'OBL', 10),
    ('5206', 'Auditoria de Sistemas', 4, 'OBL', 10)
ON CONFLICT (code) DO UPDATE
    SET name = EXCLUDED.name,
        credits = EXCLUDED.credits,
        type = EXCLUDED.type,
        cycle_number = EXCLUDED.cycle_number,
        is_active = TRUE;

DELETE FROM prerequisite;
INSERT INTO prerequisite (course_code, requires_code, kind, or_group) VALUES
    ('1201', '1101', 'Y', NULL),
    ('1204', '1103', 'Y', NULL),
    ('1205', '1105', 'Y', NULL),
    ('2101', '1204', 'Y', NULL),
    ('2102', '1204', 'Y', NULL),
    ('2104', '1104', 'Y', NULL),
    ('2106', '1105', 'Y', NULL),
    ('2201', '1201', 'Y', NULL),
    ('2202', '2102', 'Y', NULL),
    ('2204', '2102', 'Y', NULL),
    ('2204', '2105', 'Y', NULL),
    ('2206', '2106', 'Y', NULL),
    ('3101', '2101', 'Y', NULL),
    ('3102', '2204', 'Y', NULL),
    ('3103', '2205', 'Y', NULL),
    ('3104', '2205', 'Y', NULL),
    ('3105', '2206', 'Y', NULL),
    ('3106', '2206', 'Y', NULL),
    ('3201', '2104', 'Y', NULL),
    ('3202', '2104', 'Y', NULL),
    ('3203', '3105', 'Y', NULL),
    ('3204', '3105', 'Y', NULL),
    ('3205', '3106', 'Y', NULL),
    ('3206', '2206', 'Y', NULL),
    ('4101', '2201', 'Y', NULL),
    ('4103', '3201', 'Y', NULL),
    ('4104', '3202', 'Y', NULL),
    ('4105', '3205', 'Y', NULL),
    ('4106', '3206', 'Y', NULL),
    ('4201', '2201', 'Y', NULL),
    ('4202', '4102', 'Y', NULL),
    ('4202', '4103', 'Y', NULL),
    ('4203', '3102', 'Y', NULL),
    ('4204', '4105', 'Y', NULL),
    ('4205', '4105', 'Y', NULL),
    ('4206', '4106', 'Y', NULL),
    ('5101', '4201', 'Y', NULL),
    ('5102', '4101', 'Y', NULL),
    ('5103', '4104', 'Y', NULL),
    ('5104', '4204', 'Y', NULL),
    ('5105', '4203', 'Y', NULL),
    ('5201', '5101', 'Y', NULL),
    ('5202', '5101', 'Y', NULL),
    ('5203', '5102', 'Y', NULL),
    ('5204', '4202', 'Y', NULL),
    ('5205', '5103', 'Y', NULL),
    ('5206', '5103', 'Y', NULL);

DELETE FROM equivalence;
INSERT INTO equivalence (old_code, new_code, note) VALUES
    ('1102', '1101', 'Matemática Básica [Y]'),
    ('1205', '1101', 'Matemática Discreta [Y]'),
    ('1103', '1102', 'Lengua y Comprensión de Lectura [Y]'),
    ('1206', '1102', 'Lengua Española [Y]'),
    ('1101', '1103', 'Calculo Diferencial'),
    ('2107', '1104', 'Introducción a la Computación'),
    ('1104', '1105', 'Fundamentos de Programación y Computación'),
    ('2106', '1201', 'Probabilidades y Estadistica'),
    ('3206', '1202', 'Sistemas Biológicos [O]'),
    ('1105', '1202', 'Química General [O]'),
    ('1202', '1204', 'Calculo Integral'),
    ('1204', '1205', 'Programación I'),
    ('2102', '2101', 'Ecuaciones diferenciales'),
    ('1201', '2102', 'Física I'),
    ('4107', '2103', 'Comportamiento Organizacional [O]'),
    ('4102', '2103', 'Sistemas Socio Politicos [O]'),
    ('4201', '2103', 'Estudio de la Realidad Nacional [O]'),
    ('5103', '2103', 'Responsabilidad Social y Defensa Nacional [O]'),
    ('2105', '2104', 'Teoría General y Ciencia de Sistemas'),
    ('1207', '2105', 'Herramientas Graficas para Ingeniería'),
    ('2103', '2106', 'Programación II [O]'),
    ('3207', '2106', 'Algoritmo y Estructura de Datos [O]'),
    ('2202', '2201', 'Métodos Estadisticos'),
    ('2101', '2202', 'Física II [O]'),
    ('2201', '2202', 'Física Moderna [O]'),
    ('1203', '2203', 'Filosofía de sistemas [O]'),
    ('1106', '2203', 'Reigeniería Mental [O]'),
    ('3202', '2203', 'Psicología Sistémica [O]'),
    ('3208', '2204', 'Fundamentos de Comunicación y Telecomunicaciones'),
    ('3203', '2205', 'Sistemas Operativos'),
    ('2203', '2206', 'Teoría y Diseño de Base de Datos'),
    ('3105', '3101', 'Métodos Numéricos'),
    ('5109', '3102', 'Redes y Conectividad'),
    ('4105', '3103', 'Arquitectura de las Tecnologías de Información y Comunicación'),
    ('2103', '3105', 'Programación II'),
    ('3104', '3106', 'Análisis y Diseño de Sistemas de Información'),
    ('3205', '3201', 'Diseño y Gestión de Procesos'),
    ('4104', '3202', 'Simulación [Y]'),
    ('3103', '3202', 'Dinámica de Sistemas [O]'),
    ('4101', '3202', 'Taller de Dinámica de Sistemas [O]'),
    ('3208', '3203', 'Fundamentos de Comunicación y Telecomunicaciones'),
    ('4206', '3204', 'Sistemas Expertos'),
    ('4103', '3205', 'Ingeniería de Software I'),
    ('4108', '3206', 'Administración de Base de Datos'),
    ('2206', '4101', 'Contabilidad, Costos y Finanzas'),
    ('4203', '4102', 'Prospectiva'),
    ('4202', '4103', 'Modelos de los Sistemas Viables'),
    ('5204', '4104', 'Tendencias Tecnologicas y Aplicaciones Sistemicas'),
    ('2204', '4105', 'Cibernetica y Teoría de Control [O]'),
    ('2207', '4105', 'Electronica Digital [O]'),
    ('4106', '4105', 'Microprocesadores [O]'),
    ('2106', '4106', 'Probabilidades y Estadistica [Y]'),
    ('2103', '4106', 'Programación II [Y]'),
    ('3101', '4201', 'Taller de Investigación Cientifica'),
    ('4205', '4202', 'Planeamiento Estratégico y Cuadro de Mando'),
    ('5109', '4203', 'Redes y Conectividad'),
    ('5203', '4205', 'Ingeniería de Software II [O]'),
    ('2108', '4205', 'Ingeniería de requerimientos [O]'),
    ('5107', '4206', 'Inteligencia Artificial [O]'),
    ('5101', '4206', 'Sistemas Complejos [O]'),
    ('5101', '4208', 'Sistemas Complejos'),
    ('5106', '4209', 'Gestion del Conocimiento [O]'),
    ('5205', '4209', 'Realidad Virtual [O]'),
    ('4208', '4209', 'Sistemas Integrados [O]'),
    ('2108', '4210', 'TeorÍa de Lenguajes y Compiladores'),
    ('3102', '5101', 'Investigación de Operaciones I [O]'),
    ('3204', '5101', 'Investigación de Operaciones II [O]'),
    ('5105', '5102', 'Gestion de Proyectos'),
    ('4207', '5103', 'Negocios y Gobierno Electrónico'),
    ('4204', '5104', 'Seguridad y Auditoría Informatica'),
    ('3106', '5106', 'Teoría y Diseño Organizacional [O]'),
    ('5204', '5106', 'Tendencias Tecnologicas y Aplicaciones Sistemicas [O]'),
    ('5206', '5107', 'Marqueting y Juego de Negocios [O]'),
    ('4207', '5107', 'Negocios y Gobierno Electrónico [O]'),
    ('5104', '5201', 'Proyecto Inter y Transdiciplinario I'),
    ('5105', '5203', 'Gestion de Proyectos'),
    ('5201', '5204', 'Ingeniería Empresarial [Y]'),
    ('2104', '5204', 'Sistemas Económicos [Y]'),
    ('5102', '5205', 'Inteligencia de Negocios'),
    ('4204', '5206', 'Seguridad y Auditoría Informatica')
ON CONFLICT (old_code, new_code) DO NOTHING;
